﻿{"cameraMode":{"drawMode":0,"name":"Shaded","section":"Shading Mode"},"sceneLighting":true,"audioPlay":false,"sceneViewState":{"showFog":true,"showMaterialUpdate":false,"showSkybox":true,"showFlares":true,"showImageEffects":true,"showParticleSystems":true},"in2DMode":false,"pivot":{"x":149.0226287841797,"y":85.1761245727539,"z":141.94448852539063},"rotation":{"x":-0.0735745057463646,"y":0.9031272530555725,"z":-0.17191289365291596,"w":-0.38651520013809206},"size":15.096107482910157,"orthographic":true}